{
    "order": [
        {
            "esims": [
                {
                    "iccid": "8943108165018399134",
                    "matchingId": "JQ-22HXQE-LFU6XE",
                    "smdpAddress": "rsp.truphone.com"
                }
            ],
            "type": "bundle",
            "item": "esim_1GB_7D_AD_V2",
            "iccids": [
                "8943108165018399134"
            ],
            "quantity": 1,
            "subTotal": 6.9,
            "pricePerUnit": 6.9,
            "AllowReassign": false
        }
    ],
    "total": 6.9,
    "currency": "USD",
    "status": "completed",
    "statusMessage": "Order completed: 1 eSIMs assigned",
    "orderReference": "f96b1ba1-a5e0-40d2-a693-0639187e894a",
    "createdDate": "2025-06-23T07:37:39.075803073Z",
    "assigned": true
}