{
    "type": "transaction",
    "assign": true,
    "order": [
        {
            "type": "bundle",
            "quantity": 1,
            "item": "esim_1GB_7D_AE_V2",
            "iccids": [
                ""
            ],
            "allowReassign": true
        },
        {
            "type": "bundle",
            "quantity": 2,
            "item": "esim_1GB_7D_AD_V2",
            "iccids": [
                "",
                ""
            ],
            "allowReassign": true
        }
    ]
}