{
    "auditData": {
        "processTime": "122",
        "timestamp": "2025-05-07 07:11:46.437",
        "requestHost": "104.199.61.163, 18.68.42.177, 10.214.142.16, 10.214.137.126",
        "serverId": "ip-10-214-139-221.eu-central-1.compute.internal",
        "environment": "[awseucentral1, awseucentral1b, ip_10_214_139_221, eucentral1, secret]",
        "release": "",
        "token": "E025C2D8CF834A7DBAB697B261991D8F",
        "internal": "0||UK|10|0|0||||||||||||0||1~1~1~0|0|0||0|4d16afaf83ef394e5c96497bfc1026d4||||"
    },
    "hotels": {
        "total": 0
    }
}